#group,false,false,true,true,false,false,true,true,true,true,true
#datatype,string,long,dateTime:RFC3339,dateTime:RFC3339,dateTime:RFC3339,string,string,string,string,string,string
#default,_result,,,,,,,,,,
,result,table,_start,_stop,_time,_value,_field,_measurement,eventType,eventUUID,timestamp
,,0,2024-03-18T18:20:39.442145591Z,2024-04-17T18:20:39.442145591Z,2024-04-16T12:18:59.939787443Z,"ApplicationComponent{remoteApplicationComponentUUID=513bc057-18b1-4881-9dc9-fc380e183cde, nodeUUID=98036c1c-1d51-4fcd-81ab-21fb40b14b3b, nodeHost='pulceo-node-eae9342543.westeurope.cloudapp.azure.com', name='cloud1-edge-iot-simulator-component-eis', image='ghcr.io/spboehm/edge-iot-simulator:v1.1.0', port=80, protocol='HTTPS', applicationComponentType=PUBLIC}",payload,EVENT,APPLICATION_COMPONENT_CREATED,5fea5dcf-f656-4420-bf44-032fa6d0f9ca,2024-04-16T12:18:59.895527228
,,1,2024-03-18T18:20:39.442145591Z,2024-04-17T18:20:39.442145591Z,2024-04-16T12:28:52.153917049Z,"ApplicationComponent{remoteApplicationComponentUUID=11a9af8f-0f96-457a-96a4-cc5de8719207, nodeUUID=22d5cc00-3264-4ad5-b85d-26c1bbb4cbf3, nodeHost='h5136.pi.uni-bamberg.de', name='fog2-edge-iot-simulator-component-eis', image='ghcr.io/spboehm/edge-iot-simulator:v1.1.0', port=80, protocol='HTTPS', applicationComponentType=PUBLIC}",payload,EVENT,APPLICATION_COMPONENT_CREATED,6cebee4f-fb79-4726-a61d-beb3592305a3,2024-04-16T12:28:52.109126111
,,2,2024-03-18T18:20:39.442145591Z,2024-04-17T18:20:39.442145591Z,2024-04-16T12:28:14.28207848Z,"ApplicationComponent{remoteApplicationComponentUUID=f919985b-f7ca-43ae-bc6b-2ef1acd1a77b, nodeUUID=615ba998-3ecb-40f4-8a00-bdebf5894303, nodeHost='h5138.pi.uni-bamberg.de', name='fog1-edge-iot-simulator-component-eis', image='ghcr.io/spboehm/edge-iot-simulator:v1.1.0', port=80, protocol='HTTPS', applicationComponentType=PUBLIC}",payload,EVENT,APPLICATION_COMPONENT_CREATED,6dd4732c-1242-47c1-9e41-67c2cb82bf8b,2024-04-16T12:28:14.237819831
,,3,2024-03-18T18:20:39.442145591Z,2024-04-17T18:20:39.442145591Z,2024-04-16T12:19:45.472073943Z,"ApplicationComponent{remoteApplicationComponentUUID=507dcbcd-7eba-40e9-be6c-85db0052d823, nodeUUID=3f425fb8-c4e5-4eab-9d30-4552e94abdb3, nodeHost='pulceo-node-6659339536.westus.cloudapp.azure.com', name='cloud2-edge-iot-simulator-component-eis', image='ghcr.io/spboehm/edge-iot-simulator:v1.1.0', port=80, protocol='HTTPS', applicationComponentType=PUBLIC}",payload,EVENT,APPLICATION_COMPONENT_CREATED,956dd639-6051-4a86-8fdf-c251e289d9c4,2024-04-16T12:19:45.425075096
,,4,2024-03-18T18:20:39.442145591Z,2024-04-17T18:20:39.442145591Z,2024-04-16T12:29:33.101055942Z,"ApplicationComponent{remoteApplicationComponentUUID=db6e2e10-e4cc-4c4b-b2af-013dfc331fa9, nodeUUID=e6c27c8a-a337-49e1-8662-38c96bff3351, nodeHost='h5137.pi.uni-bamberg.de', name='fog3-edge-iot-simulator-component-eis', image='ghcr.io/spboehm/edge-iot-simulator:v1.1.0', port=80, protocol='HTTPS', applicationComponentType=PUBLIC}",payload,EVENT,APPLICATION_COMPONENT_CREATED,9aca3e4f-a89d-4eac-adfc-c40580aa0d8c,2024-04-16T12:29:33.056804846
,,5,2024-03-18T18:20:39.442145591Z,2024-04-17T18:20:39.442145591Z,2024-04-16T13:09:28.428850759Z,"ApplicationComponent{remoteApplicationComponentUUID=456f76d2-fdb8-40c4-9dbc-fdd026cbd85c, nodeUUID=c329ad3d-ab6c-41a9-aa8d-5705787a60d6, nodeHost='h5135.pi.uni-bamberg.de', name='gateway1-edge-iot-simulator-component-eis', image='ghcr.io/spboehm/edge-iot-simulator:v1.1.0', port=80, protocol='HTTPS', applicationComponentType=PUBLIC}",payload,EVENT,APPLICATION_COMPONENT_CREATED,f649bffe-26b2-4fed-a1df-704e64cb4ac0,2024-04-16T13:09:28.384352323
,,6,2024-03-18T18:20:39.442145591Z,2024-04-17T18:20:39.442145591Z,2024-04-16T12:08:55.126878022Z,"Application{remoteApplicationUUID=cfab7620-7fe6-4cfb-9e39-a4d96f5f709b, nodeId='22d5cc00-3264-4ad5-b85d-26c1bbb4cbf3', name='fog2-pulceo-node-agent', applicationComponents=[]}",payload,EVENT,APPLICATION_CREATED,061aeaca-0869-4e2b-b13a-fdcafd799d0a,2024-04-16T12:08:55.083846606
,,7,2024-03-18T18:20:39.442145591Z,2024-04-17T18:20:39.442145591Z,2024-04-16T12:09:05.795040265Z,"Application{remoteApplicationUUID=c6f595bf-9b12-4005-924b-09951f8e5ce4, nodeId='c329ad3d-ab6c-41a9-aa8d-5705787a60d6', name='gateway1-pulceo-node-agent', applicationComponents=[]}",payload,EVENT,APPLICATION_CREATED,09f9c819-271e-40d4-b25c-e2bd9c7dd155,2024-04-16T12:09:05.751838023
,,8,2024-03-18T18:20:39.442145591Z,2024-04-17T18:20:39.442145591Z,2024-04-16T12:08:52.344000075Z,"Application{remoteApplicationUUID=7f40b178-6974-4fcb-96a1-dbd34eef8d8a, nodeId='e6c27c8a-a337-49e1-8662-38c96bff3351', name='fog3-traefik', applicationComponents=[]}",payload,EVENT,APPLICATION_CREATED,0ee5e35e-a3f7-4530-97b4-e78803f6012c,2024-04-16T12:08:51.572792631
,,9,2024-03-18T18:20:39.442145591Z,2024-04-17T18:20:39.442145591Z,2024-04-16T13:09:28.508438808Z,"Application{remoteApplicationUUID=a61e8799-576a-42b9-89ca-17c633c5945d, nodeId='c329ad3d-ab6c-41a9-aa8d-5705787a60d6', name='gateway1-edge-iot-simulator', applicationComponents=[ApplicationComponent{remoteApplicationComponentUUID=456f76d2-fdb8-40c4-9dbc-fdd026cbd85c, nodeUUID=c329ad3d-ab6c-41a9-aa8d-5705787a60d6, nodeHost='h5135.pi.uni-bamberg.de', name='gateway1-edge-iot-simulator-component-eis', image='ghcr.io/spboehm/edge-iot-simulator:v1.1.0', port=80, protocol='HTTPS', applicationComponentType=PUBLIC}]}",payload,EVENT,APPLICATION_CREATED,2d5e872c-4849-4449-8c03-c129bf660d04,2024-04-16T13:09:28.388198092
,,10,2024-03-18T18:20:39.442145591Z,2024-04-17T18:20:39.442145591Z,2024-04-16T12:08:58.28794048Z,"Application{remoteApplicationUUID=84fee082-fa36-437b-95da-0b49036be05b, nodeId='615ba998-3ecb-40f4-8a00-bdebf5894303', name='fog1-pulceo-node-agent', applicationComponents=[]}",payload,EVENT,APPLICATION_CREATED,3bae8494-c5cb-4790-88db-9822298ae3f3,2024-04-16T12:08:58.206531848
,,11,2024-03-18T18:20:39.442145591Z,2024-04-17T18:20:39.442145591Z,2024-04-16T12:13:11.780873167Z,"Application{remoteApplicationUUID=9e59a7f7-ef21-4a72-aaf7-0def7a70012d, nodeId='3f425fb8-c4e5-4eab-9d30-4552e94abdb3', name='cloud2-pulceo-node-agent', applicationComponents=[]}",payload,EVENT,APPLICATION_CREATED,43b64b80-d989-4ea9-87d5-2bb425f04a1c,2024-04-16T12:13:11.655516071
,,12,2024-03-18T18:20:39.442145591Z,2024-04-17T18:20:39.442145591Z,2024-04-16T12:11:39.096542639Z,"Application{remoteApplicationUUID=7c243589-6df1-422b-921f-63a84d7a524b, nodeId='98036c1c-1d51-4fcd-81ab-21fb40b14b3b', name='cloud1-traefik', applicationComponents=[]}",payload,EVENT,APPLICATION_CREATED,4ef50d51-fafa-4020-986b-9a9efd60254a,2024-04-16T12:11:39.052294061
,,13,2024-03-18T18:20:39.442145591Z,2024-04-17T18:20:39.442145591Z,2024-04-16T12:19:45.506283789Z,"Application{remoteApplicationUUID=c31aa8ea-380f-45cb-b3e4-8364b2e666cd, nodeId='3f425fb8-c4e5-4eab-9d30-4552e94abdb3', name='cloud2-edge-iot-simulator', applicationComponents=[ApplicationComponent{remoteApplicationComponentUUID=507dcbcd-7eba-40e9-be6c-85db0052d823, nodeUUID=3f425fb8-c4e5-4eab-9d30-4552e94abdb3, nodeHost='pulceo-node-6659339536.westus.cloudapp.azure.com', name='cloud2-edge-iot-simulator-component-eis', image='ghcr.io/spboehm/edge-iot-simulator:v1.1.0', port=80, protocol='HTTPS', applicationComponentType=PUBLIC}]}",payload,EVENT,APPLICATION_CREATED,4f5d0872-b5fb-449f-bcb3-5b19cd050947,2024-04-16T12:19:45.429080528
,,14,2024-03-18T18:20:39.442145591Z,2024-04-17T18:20:39.442145591Z,2024-04-16T12:28:52.190405142Z,"Application{remoteApplicationUUID=999385fb-7115-4678-9001-fda684308685, nodeId='22d5cc00-3264-4ad5-b85d-26c1bbb4cbf3', name='fog2-edge-iot-simulator', applicationComponents=[ApplicationComponent{remoteApplicationComponentUUID=11a9af8f-0f96-457a-96a4-cc5de8719207, nodeUUID=22d5cc00-3264-4ad5-b85d-26c1bbb4cbf3, nodeHost='h5136.pi.uni-bamberg.de', name='fog2-edge-iot-simulator-component-eis', image='ghcr.io/spboehm/edge-iot-simulator:v1.1.0', port=80, protocol='HTTPS', applicationComponentType=PUBLIC}]}",payload,EVENT,APPLICATION_CREATED,6e07f9c2-d2d7-47a5-b345-7cfc09c719c8,2024-04-16T12:28:52.112575866
,,15,2024-03-18T18:20:39.442145591Z,2024-04-17T18:20:39.442145591Z,2024-04-16T12:09:05.833164149Z,"Application{remoteApplicationUUID=db36e9a9-1a86-4e14-8f1f-945d265b8895, nodeId='c329ad3d-ab6c-41a9-aa8d-5705787a60d6', name='gateway1-traefik', applicationComponents=[]}",payload,EVENT,APPLICATION_CREATED,9643eb5f-deb8-45b7-9c22-1cf14fb021dc,2024-04-16T12:09:05.758797700
,,16,2024-03-18T18:20:39.442145591Z,2024-04-17T18:20:39.442145591Z,2024-04-16T12:08:55.165104082Z,"Application{remoteApplicationUUID=eda7c32c-7590-4914-9444-7f32938d62b8, nodeId='22d5cc00-3264-4ad5-b85d-26c1bbb4cbf3', name='fog2-traefik', applicationComponents=[]}",payload,EVENT,APPLICATION_CREATED,a6ea9175-cfaf-4e51-af97-05e94c4d0257,2024-04-16T12:08:55.083860399
,,17,2024-03-18T18:20:39.442145591Z,2024-04-17T18:20:39.442145591Z,2024-04-16T12:19:00.017262248Z,"Application{remoteApplicationUUID=bd446bd3-d284-4471-b3f3-ab5f6a377417, nodeId='98036c1c-1d51-4fcd-81ab-21fb40b14b3b', name='cloud1-edge-iot-simulator', applicationComponents=[ApplicationComponent{remoteApplicationComponentUUID=513bc057-18b1-4881-9dc9-fc380e183cde, nodeUUID=98036c1c-1d51-4fcd-81ab-21fb40b14b3b, nodeHost='pulceo-node-eae9342543.westeurope.cloudapp.azure.com', name='cloud1-edge-iot-simulator-component-eis', image='ghcr.io/spboehm/edge-iot-simulator:v1.1.0', port=80, protocol='HTTPS', applicationComponentType=PUBLIC}]}",payload,EVENT,APPLICATION_CREATED,ac5ade86-6d34-4085-8f00-b3ae3db3e110,2024-04-16T12:18:59.908903153
,,18,2024-03-18T18:20:39.442145591Z,2024-04-17T18:20:39.442145591Z,2024-04-16T12:13:11.699486128Z,"Application{remoteApplicationUUID=7bfa3a8c-2656-4489-94d4-1e28d5d25aba, nodeId='3f425fb8-c4e5-4eab-9d30-4552e94abdb3', name='cloud2-traefik', applicationComponents=[]}",payload,EVENT,APPLICATION_CREATED,b0709bf3-d472-4783-92be-4b28e816c810,2024-04-16T12:13:11.655516020
,,19,2024-03-18T18:20:39.442145591Z,2024-04-17T18:20:39.442145591Z,2024-04-16T12:08:58.250203832Z,"Application{remoteApplicationUUID=3eefc27b-e92a-4cb3-be50-a722c058b4ca, nodeId='615ba998-3ecb-40f4-8a00-bdebf5894303', name='fog1-traefik', applicationComponents=[]}",payload,EVENT,APPLICATION_CREATED,bc691f74-ec28-4378-aa12-2c1be0b0bcd4,2024-04-16T12:08:58.206520142
,,20,2024-03-18T18:20:39.442145591Z,2024-04-17T18:20:39.442145591Z,2024-04-16T12:28:14.361628455Z,"Application{remoteApplicationUUID=e0b113ae-13b8-4964-a9a8-c1dc2d03ab89, nodeId='615ba998-3ecb-40f4-8a00-bdebf5894303', name='fog1-edge-iot-simulator', applicationComponents=[ApplicationComponent{remoteApplicationComponentUUID=f919985b-f7ca-43ae-bc6b-2ef1acd1a77b, nodeUUID=615ba998-3ecb-40f4-8a00-bdebf5894303, nodeHost='h5138.pi.uni-bamberg.de', name='fog1-edge-iot-simulator-component-eis', image='ghcr.io/spboehm/edge-iot-simulator:v1.1.0', port=80, protocol='HTTPS', applicationComponentType=PUBLIC}]}",payload,EVENT,APPLICATION_CREATED,c06bc39e-7e7a-4943-9ae2-656addd9d9dc,2024-04-16T12:28:14.242404530
,,21,2024-03-18T18:20:39.442145591Z,2024-04-17T18:20:39.442145591Z,2024-04-16T12:11:39.135126061Z,"Application{remoteApplicationUUID=a48192fa-87ff-410b-9e27-2c1f0d781006, nodeId='98036c1c-1d51-4fcd-81ab-21fb40b14b3b', name='cloud1-pulceo-node-agent', applicationComponents=[]}",payload,EVENT,APPLICATION_CREATED,c3ff74d8-052a-4a99-8a12-f16b15567f80,2024-04-16T12:11:39.055773321
,,22,2024-03-18T18:20:39.442145591Z,2024-04-17T18:20:39.442145591Z,2024-04-16T12:29:33.138767278Z,"Application{remoteApplicationUUID=754a4432-a9e2-4a1d-bdf0-759f42e67b9c, nodeId='e6c27c8a-a337-49e1-8662-38c96bff3351', name='fog3-edge-iot-simulator', applicationComponents=[ApplicationComponent{remoteApplicationComponentUUID=db6e2e10-e4cc-4c4b-b2af-013dfc331fa9, nodeUUID=e6c27c8a-a337-49e1-8662-38c96bff3351, nodeHost='h5137.pi.uni-bamberg.de', name='fog3-edge-iot-simulator-component-eis', image='ghcr.io/spboehm/edge-iot-simulator:v1.1.0', port=80, protocol='HTTPS', applicationComponentType=PUBLIC}]}",payload,EVENT,APPLICATION_CREATED,dd93b335-bee1-46d7-9573-ca06a4b5e61a,2024-04-16T12:29:33.060662242
,,23,2024-03-18T18:20:39.442145591Z,2024-04-17T18:20:39.442145591Z,2024-04-16T12:08:52.352887784Z,"Application{remoteApplicationUUID=f0c93eb9-7e5a-4072-baa7-c9edad74a3f5, nodeId='e6c27c8a-a337-49e1-8662-38c96bff3351', name='fog3-pulceo-node-agent', applicationComponents=[]}",payload,EVENT,APPLICATION_CREATED,e4e5dff5-f22d-4e20-b9b0-9cc31eb4e0b6,2024-04-16T12:08:51.572789817
,,24,2024-03-18T18:20:39.442145591Z,2024-04-17T18:20:39.442145591Z,2024-04-16T12:10:12.197532132Z,"AzureDeloymentResult{resourceGroupName='pulceo-node-6659339536', sku='Standard_B2s', fqdn='pulceo-node-6659339536.westus.cloudapp.azure.com'}",payload,EVENT,AZURE_NODE_DEPLOYMENT_COMPLETED,282345f3-1281-4aa4-9f4b-27c5954b8862,2024-04-16T12:10:12.145897578
,,25,2024-03-18T18:20:39.442145591Z,2024-04-17T18:20:39.442145591Z,2024-04-16T12:09:31.112213627Z,"AzureDeloymentResult{resourceGroupName='pulceo-node-eae9342543', sku='Standard_B2s', fqdn='pulceo-node-eae9342543.westeurope.cloudapp.azure.com'}",payload,EVENT,AZURE_NODE_DEPLOYMENT_COMPLETED,56af4886-2fec-4747-bee8-f2040c0007ec,2024-04-16T12:09:31.066799169
,,26,2024-03-18T18:20:39.442145591Z,2024-04-17T18:20:39.442145591Z,2024-04-16T12:08:59.576547063Z,"CreateNewAzureNodeDTO(providerName=azure-provider, name=cloud2, type=cloud, cpu=2, memory=4, region=westus, tags=[NodeTagDTO(key=properties, value=C++, Spark, MySQL, Linux, .NET, Python)])",payload,EVENT,AZURE_NODE_DEPLOYMENT_STARTED,6213eff7-84c4-425b-9f3b-b71df1677e7f,2024-04-16T12:08:59.532146642
,,27,2024-03-18T18:20:39.442145591Z,2024-04-17T18:20:39.442145591Z,2024-04-16T12:09:02.584120992Z,"CreateNewAzureNodeDTO(providerName=azure-provider, name=cloud1, type=cloud, cpu=2, memory=4, region=westeurope, tags=[NodeTagDTO(key=properties, value=Java, .NET, Ruby, MySQL)])",payload,EVENT,AZURE_NODE_DEPLOYMENT_STARTED,6d6ad80b-a175-4c99-8e17-786d4f1458ed,2024-04-16T12:09:02.539852111
,,28,2024-03-18T18:20:39.442145591Z,2024-04-17T18:20:39.442145591Z,2024-04-16T13:16:43.635945327Z,"NodeLink{remoteNodeLinkUUID=9e125cda-0631-4fda-bacd-6df80d4bffbd, srcNode=OnPremNode{onPremProvider=OnPremProvider{providerMetaData=ProviderMetaData{providerName='default', providerType=ON_PREM}}, nodeMetaData=NodeMetaData{remoteNodeUUID=274f4374-494c-4614-9e4f-07d708939130, pnaUUID=be6f0093-ebff-4494-8123-6ab50d3ae8e5, hostname='h5137.pi.uni-bamberg.de'}, node=Node{name='fog3', type=FOG, layer=1, role=WORKLOAD, nodeGroup='', country='Germany', state='Bavaria', city='Bamberg', longitude=10.87, latitude=49.9036, cpuResource=CPUResource{cpuCapacity=CPU{modelName='Intel(R) Core(TM) i7-7700 CPU @ 3.60GHz', cores=8, threads=8, bogoMIPS=7199.92, MIPS=7199.92, GFlop=0.0, minimalFrequency=3599.962, averageFrequency=3599.962, maximalFrequency=3599.962, shares=8000, slots=0.0}, cpuAllocatable=CPU{modelName='Intel(R) Core(TM) i7-7700 CPU @ 3.60GHz', cores=8, threads=8, bogoMIPS=7199.92, MIPS=7199.92, GFlop=0.0, minimalFrequency=3599.962, averageFrequency=3599.962, maximalFrequency=3599.962, shares=7000, slots=0.0}}, memoryResource=MemoryResource{memoryCapacity=Memory{size=9.715271, slots=0}, memoryAllocatable=Memory{size=8.71, slots=0}}, storageResource=StorageResource{storageCapacity=Storage{size=26.2, slots=0}, storageAllocatable=Storage{size=0.0, slots=0}}, nodeTags=[dev.pulceo.prm.model.node.NodeTag@15a9195]}}, destNode=AzureNode{azureProvider=AzureProvider{providerMetaData=ProviderMetaData{providerName='azure-provider', providerType=AZURE}}, nodeMetaData=NodeMetaData{remoteNodeUUID=95c1c692-8c8e-4cf2-bf40-162f1cd1c8eb, pnaUUID=3b4af61f-8bb4-4118-9640-b530c6aec54e, hostname='pulceo-node-6659339536.westus.cloudapp.azure.com'}, node=Node{name='cloud2', type=CLOUD, layer=1, role=WORKLOAD, nodeGroup='', country='USA', state='California', city='San Francisco', longitude=-119.852, latitude=47.233, cpuResource=CPUResource{cpuCapacity=CPU{modelName='Intel(R) Xeon(R) CPU E5-2673 v4 @ 2.30GHz', cores=2, threads=2, bogoMIPS=4589.37, MIPS=4589.37, GFlop=0.0, minimalFrequency=2294.685, averageFrequency=2294.685, maximalFrequency=2294.685, shares=2000, slots=0.0}, cpuAllocatable=CPU{modelName='Intel(R) Xeon(R) CPU E5-2673 v4 @ 2.30GHz', cores=2, threads=2, bogoMIPS=4589.37, MIPS=4589.37, GFlop=0.0, minimalFrequency=2294.685, averageFrequency=2294.685, maximalFrequency=2294.685, shares=1000, slots=0.0}}, memoryResource=MemoryResource{memoryCapacity=Memory{size=3.8216286, slots=0}, memoryAllocatable=Memory{size=2.82, slots=0}}, storageResource=StorageResource{storageCapacity=Storage{size=28.9, slots=0}, storageAllocatable=Storage{size=0.0, slots=0}}, nodeTags=[dev.pulceo.prm.model.node.NodeTag@76a1f122]}, azureDeloymentResult=AzureDeloymentResult{resourceGroupName='pulceo-node-6659339536', sku='Standard_B2s', fqdn='pulceo-node-6659339536.westus.cloudapp.azure.com'}}}",payload,EVENT,LINK_CREATED,049659a3-3018-42de-bc4d-0ba0173c4336,2024-04-16T13:16:43.591898881
,,29,2024-03-18T18:20:39.442145591Z,2024-04-17T18:20:39.442145591Z,2024-04-16T13:16:56.061185686Z,"NodeLink{remoteNodeLinkUUID=3ac24bc9-1e91-4ac0-aeaa-f0fa8bc8b21d, srcNode=AzureNode{azureProvider=AzureProvider{providerMetaData=ProviderMetaData{providerName='azure-provider', providerType=AZURE}}, nodeMetaData=NodeMetaData{remoteNodeUUID=95c1c692-8c8e-4cf2-bf40-162f1cd1c8eb, pnaUUID=3b4af61f-8bb4-4118-9640-b530c6aec54e, hostname='pulceo-node-6659339536.westus.cloudapp.azure.com'}, node=Node{name='cloud2', type=CLOUD, layer=1, role=WORKLOAD, nodeGroup='', country='USA', state='California', city='San Francisco', longitude=-119.852, latitude=47.233, cpuResource=CPUResource{cpuCapacity=CPU{modelName='Intel(R) Xeon(R) CPU E5-2673 v4 @ 2.30GHz', cores=2, threads=2, bogoMIPS=4589.37, MIPS=4589.37, GFlop=0.0, minimalFrequency=2294.685, averageFrequency=2294.685, maximalFrequency=2294.685, shares=2000, slots=0.0}, cpuAllocatable=CPU{modelName='Intel(R) Xeon(R) CPU E5-2673 v4 @ 2.30GHz', cores=2, threads=2, bogoMIPS=4589.37, MIPS=4589.37, GFlop=0.0, minimalFrequency=2294.685, averageFrequency=2294.685, maximalFrequency=2294.685, shares=1000, slots=0.0}}, memoryResource=MemoryResource{memoryCapacity=Memory{size=3.8216286, slots=0}, memoryAllocatable=Memory{size=2.82, slots=0}}, storageResource=StorageResource{storageCapacity=Storage{size=28.9, slots=0}, storageAllocatable=Storage{size=0.0, slots=0}}, nodeTags=[dev.pulceo.prm.model.node.NodeTag@7475ca71]}, azureDeloymentResult=AzureDeloymentResult{resourceGroupName='pulceo-node-6659339536', sku='Standard_B2s', fqdn='pulceo-node-6659339536.westus.cloudapp.azure.com'}}, destNode=OnPremNode{onPremProvider=OnPremProvider{providerMetaData=ProviderMetaData{providerName='default', providerType=ON_PREM}}, nodeMetaData=NodeMetaData{remoteNodeUUID=5ba8ba06-fb2f-4098-a580-6f7df36cb233, pnaUUID=6dc8fca9-d1a6-4436-b1c9-122bbaa55235, hostname='h5138.pi.uni-bamberg.de'}, node=Node{name='fog1', type=FOG, layer=1, role=WORKLOAD, nodeGroup='', country='Germany', state='Bavaria', city='Bamberg', longitude=10.87, latitude=49.9036, cpuResource=CPUResource{cpuCapacity=CPU{modelName='Intel(R) Core(TM) i7-7700 CPU @ 3.60GHz', cores=2, threads=2, bogoMIPS=7200.11, MIPS=7200.11, GFlop=0.0, minimalFrequency=3600.058, averageFrequency=3600.058, maximalFrequency=3600.058, shares=2000, slots=0.0}, cpuAllocatable=CPU{modelName='Intel(R) Core(TM) i7-7700 CPU @ 3.60GHz', cores=2, threads=2, bogoMIPS=7200.11, MIPS=7200.11, GFlop=0.0, minimalFrequency=3600.058, averageFrequency=3600.058, maximalFrequency=3600.058, shares=1000, slots=0.0}}, memoryResource=MemoryResource{memoryCapacity=Memory{size=1.9250717, slots=0}, memoryAllocatable=Memory{size=0.92, slots=0}}, storageResource=StorageResource{storageCapacity=Storage{size=26.2, slots=0}, storageAllocatable=Storage{size=0.0, slots=0}}, nodeTags=[dev.pulceo.prm.model.node.NodeTag@58bdff10]}}}",payload,EVENT,LINK_CREATED,08b4abb6-2606-46cd-b7de-5255dba851ba,2024-04-16T13:16:56.016720540
,,30,2024-03-18T18:20:39.442145591Z,2024-04-17T18:20:39.442145591Z,2024-04-16T13:16:59.574755336Z,"NodeLink{remoteNodeLinkUUID=4a5ee2ea-cbae-4401-9d29-6c7704a68643, srcNode=AzureNode{azureProvider=AzureProvider{providerMetaData=ProviderMetaData{providerName='azure-provider', providerType=AZURE}}, nodeMetaData=NodeMetaData{remoteNodeUUID=58fad889-0ea9-44ba-a0ec-b2324869879d, pnaUUID=26c8c3d4-badc-4b7a-adb5-ec9d920784c3, hostname='pulceo-node-eae9342543.westeurope.cloudapp.azure.com'}, node=Node{name='cloud1', type=CLOUD, layer=1, role=WORKLOAD, nodeGroup='', country='Netherlands', state='Noord-Holland', city='Schiphol', longitude=4.9, latitude=52.3667, cpuResource=CPUResource{cpuCapacity=CPU{modelName='Intel(R) Xeon(R) Platinum 8171M CPU @ 2.60GHz', cores=2, threads=2, bogoMIPS=4190.15, MIPS=4190.15, GFlop=0.0, minimalFrequency=2095.076, averageFrequency=2095.076, maximalFrequency=2095.076, shares=2000, slots=0.0}, cpuAllocatable=CPU{modelName='Intel(R) Xeon(R) Platinum 8171M CPU @ 2.60GHz', cores=2, threads=2, bogoMIPS=4190.15, MIPS=4190.15, GFlop=0.0, minimalFrequency=2095.076, averageFrequency=2095.076, maximalFrequency=2095.076, shares=1000, slots=0.0}}, memoryResource=MemoryResource{memoryCapacity=Memory{size=3.8216248, slots=0}, memoryAllocatable=Memory{size=2.82, slots=0}}, storageResource=StorageResource{storageCapacity=Storage{size=28.9, slots=0}, storageAllocatable=Storage{size=0.0, slots=0}}, nodeTags=[dev.pulceo.prm.model.node.NodeTag@55342913]}, azureDeloymentResult=AzureDeloymentResult{resourceGroupName='pulceo-node-eae9342543', sku='Standard_B2s', fqdn='pulceo-node-eae9342543.westeurope.cloudapp.azure.com'}}, destNode=OnPremNode{onPremProvider=OnPremProvider{providerMetaData=ProviderMetaData{providerName='default', providerType=ON_PREM}}, nodeMetaData=NodeMetaData{remoteNodeUUID=f9925b83-aa59-43b5-9b9d-95c149ac27f2, pnaUUID=265916fb-2092-40ee-9528-b32f4ea911a1, hostname='h5136.pi.uni-bamberg.de'}, node=Node{name='fog2', type=FOG, layer=1, role=WORKLOAD, nodeGroup='', country='Germany', state='Bavaria', city='Bamberg', longitude=10.87, latitude=49.9036, cpuResource=CPUResource{cpuCapacity=CPU{modelName='Intel(R) Core(TM) i7-7700 CPU @ 3.60GHz', cores=4, threads=4, bogoMIPS=7200.11, MIPS=7200.11, GFlop=0.0, minimalFrequency=3600.056, averageFrequency=3600.056, maximalFrequency=3600.056, shares=4000, slots=0.0}, cpuAllocatable=CPU{modelName='Intel(R) Core(TM) i7-7700 CPU @ 3.60GHz', cores=4, threads=4, bogoMIPS=7200.11, MIPS=7200.11, GFlop=0.0, minimalFrequency=3600.056, averageFrequency=3600.056, maximalFrequency=3600.056, shares=3000, slots=0.0}}, memoryResource=MemoryResource{memoryCapacity=Memory{size=3.827549, slots=0}, memoryAllocatable=Memory{size=2.82, slots=0}}, storageResource=StorageResource{storageCapacity=Storage{size=26.2, slots=0}, storageAllocatable=Storage{size=0.0, slots=0}}, nodeTags=[dev.pulceo.prm.model.node.NodeTag@7c3a17b7]}}}",payload,EVENT,LINK_CREATED,0c832646-0130-49e8-ae95-5ef81a54639f,2024-04-16T13:16:59.530432003
,,31,2024-03-18T18:20:39.442145591Z,2024-04-17T18:20:39.442145591Z,2024-04-16T13:16:45.049766791Z,"NodeLink{remoteNodeLinkUUID=fbd02058-fbb3-42a5-9de3-051b2839f2ce, srcNode=OnPremNode{onPremProvider=OnPremProvider{providerMetaData=ProviderMetaData{providerName='default', providerType=ON_PREM}}, nodeMetaData=NodeMetaData{remoteNodeUUID=274f4374-494c-4614-9e4f-07d708939130, pnaUUID=be6f0093-ebff-4494-8123-6ab50d3ae8e5, hostname='h5137.pi.uni-bamberg.de'}, node=Node{name='fog3', type=FOG, layer=1, role=WORKLOAD, nodeGroup='', country='Germany', state='Bavaria', city='Bamberg', longitude=10.87, latitude=49.9036, cpuResource=CPUResource{cpuCapacity=CPU{modelName='Intel(R) Core(TM) i7-7700 CPU @ 3.60GHz', cores=8, threads=8, bogoMIPS=7199.92, MIPS=7199.92, GFlop=0.0, minimalFrequency=3599.962, averageFrequency=3599.962, maximalFrequency=3599.962, shares=8000, slots=0.0}, cpuAllocatable=CPU{modelName='Intel(R) Core(TM) i7-7700 CPU @ 3.60GHz', cores=8, threads=8, bogoMIPS=7199.92, MIPS=7199.92, GFlop=0.0, minimalFrequency=3599.962, averageFrequency=3599.962, maximalFrequency=3599.962, shares=7000, slots=0.0}}, memoryResource=MemoryResource{memoryCapacity=Memory{size=9.715271, slots=0}, memoryAllocatable=Memory{size=8.71, slots=0}}, storageResource=StorageResource{storageCapacity=Storage{size=26.2, slots=0}, storageAllocatable=Storage{size=0.0, slots=0}}, nodeTags=[dev.pulceo.prm.model.node.NodeTag@6f4bd7e7]}}, destNode=AzureNode{azureProvider=AzureProvider{providerMetaData=ProviderMetaData{providerName='azure-provider', providerType=AZURE}}, nodeMetaData=NodeMetaData{remoteNodeUUID=58fad889-0ea9-44ba-a0ec-b2324869879d, pnaUUID=26c8c3d4-badc-4b7a-adb5-ec9d920784c3, hostname='pulceo-node-eae9342543.westeurope.cloudapp.azure.com'}, node=Node{name='cloud1', type=CLOUD, layer=1, role=WORKLOAD, nodeGroup='', country='Netherlands', state='Noord-Holland', city='Schiphol', longitude=4.9, latitude=52.3667, cpuResource=CPUResource{cpuCapacity=CPU{modelName='Intel(R) Xeon(R) Platinum 8171M CPU @ 2.60GHz', cores=2, threads=2, bogoMIPS=4190.15, MIPS=4190.15, GFlop=0.0, minimalFrequency=2095.076, averageFrequency=2095.076, maximalFrequency=2095.076, shares=2000, slots=0.0}, cpuAllocatable=CPU{modelName='Intel(R) Xeon(R) Platinum 8171M CPU @ 2.60GHz', cores=2, threads=2, bogoMIPS=4190.15, MIPS=4190.15, GFlop=0.0, minimalFrequency=2095.076, averageFrequency=2095.076, maximalFrequency=2095.076, shares=1000, slots=0.0}}, memoryResource=MemoryResource{memoryCapacity=Memory{size=3.8216248, slots=0}, memoryAllocatable=Memory{size=2.82, slots=0}}, storageResource=StorageResource{storageCapacity=Storage{size=28.9, slots=0}, storageAllocatable=Storage{size=0.0, slots=0}}, nodeTags=[dev.pulceo.prm.model.node.NodeTag@274b4425]}, azureDeloymentResult=AzureDeloymentResult{resourceGroupName='pulceo-node-eae9342543', sku='Standard_B2s', fqdn='pulceo-node-eae9342543.westeurope.cloudapp.azure.com'}}}",payload,EVENT,LINK_CREATED,26bafed7-da10-41c3-ba79-85cd72aa609a,2024-04-16T13:16:45.005367326
,,32,2024-03-18T18:20:39.442145591Z,2024-04-17T18:20:39.442145591Z,2024-04-16T13:16:38.968255151Z,"NodeLink{remoteNodeLinkUUID=0f052eb9-70ca-42ad-95b4-798e0e3677cf, srcNode=OnPremNode{onPremProvider=OnPremProvider{providerMetaData=ProviderMetaData{providerName='default', providerType=ON_PREM}}, nodeMetaData=NodeMetaData{remoteNodeUUID=5ba8ba06-fb2f-4098-a580-6f7df36cb233, pnaUUID=6dc8fca9-d1a6-4436-b1c9-122bbaa55235, hostname='h5138.pi.uni-bamberg.de'}, node=Node{name='fog1', type=FOG, layer=1, role=WORKLOAD, nodeGroup='', country='Germany', state='Bavaria', city='Bamberg', longitude=10.87, latitude=49.9036, cpuResource=CPUResource{cpuCapacity=CPU{modelName='Intel(R) Core(TM) i7-7700 CPU @ 3.60GHz', cores=2, threads=2, bogoMIPS=7200.11, MIPS=7200.11, GFlop=0.0, minimalFrequency=3600.058, averageFrequency=3600.058, maximalFrequency=3600.058, shares=2000, slots=0.0}, cpuAllocatable=CPU{modelName='Intel(R) Core(TM) i7-7700 CPU @ 3.60GHz', cores=2, threads=2, bogoMIPS=7200.11, MIPS=7200.11, GFlop=0.0, minimalFrequency=3600.058, averageFrequency=3600.058, maximalFrequency=3600.058, shares=1000, slots=0.0}}, memoryResource=MemoryResource{memoryCapacity=Memory{size=1.9250717, slots=0}, memoryAllocatable=Memory{size=0.92, slots=0}}, storageResource=StorageResource{storageCapacity=Storage{size=26.2, slots=0}, storageAllocatable=Storage{size=0.0, slots=0}}, nodeTags=[dev.pulceo.prm.model.node.NodeTag@5322a9ec]}}, destNode=OnPremNode{onPremProvider=OnPremProvider{providerMetaData=ProviderMetaData{providerName='default', providerType=ON_PREM}}, nodeMetaData=NodeMetaData{remoteNodeUUID=274f4374-494c-4614-9e4f-07d708939130, pnaUUID=be6f0093-ebff-4494-8123-6ab50d3ae8e5, hostname='h5137.pi.uni-bamberg.de'}, node=Node{name='fog3', type=FOG, layer=1, role=WORKLOAD, nodeGroup='', country='Germany', state='Bavaria', city='Bamberg', longitude=10.87, latitude=49.9036, cpuResource=CPUResource{cpuCapacity=CPU{modelName='Intel(R) Core(TM) i7-7700 CPU @ 3.60GHz', cores=8, threads=8, bogoMIPS=7199.92, MIPS=7199.92, GFlop=0.0, minimalFrequency=3599.962, averageFrequency=3599.962, maximalFrequency=3599.962, shares=8000, slots=0.0}, cpuAllocatable=CPU{modelName='Intel(R) Core(TM) i7-7700 CPU @ 3.60GHz', cores=8, threads=8, bogoMIPS=7199.92, MIPS=7199.92, GFlop=0.0, minimalFrequency=3599.962, averageFrequency=3599.962, maximalFrequency=3599.962, shares=7000, slots=0.0}}, memoryResource=MemoryResource{memoryCapacity=Memory{size=9.715271, slots=0}, memoryAllocatable=Memory{size=8.71, slots=0}}, storageResource=StorageResource{storageCapacity=Storage{size=26.2, slots=0}, storageAllocatable=Storage{size=0.0, slots=0}}, nodeTags=[dev.pulceo.prm.model.node.NodeTag@477134bf]}}}",payload,EVENT,LINK_CREATED,445e4b67-bd88-410e-8c10-b317383a880a,2024-04-16T13:16:38.924020677
,,33,2024-03-18T18:20:39.442145591Z,2024-04-17T18:20:39.442145591Z,2024-04-16T13:16:40.436297269Z,"NodeLink{remoteNodeLinkUUID=faedb04f-5adb-40d9-bd8f-20d2068769b2, srcNode=OnPremNode{onPremProvider=OnPremProvider{providerMetaData=ProviderMetaData{providerName='default', providerType=ON_PREM}}, nodeMetaData=NodeMetaData{remoteNodeUUID=f9925b83-aa59-43b5-9b9d-95c149ac27f2, pnaUUID=265916fb-2092-40ee-9528-b32f4ea911a1, hostname='h5136.pi.uni-bamberg.de'}, node=Node{name='fog2', type=FOG, layer=1, role=WORKLOAD, nodeGroup='', country='Germany', state='Bavaria', city='Bamberg', longitude=10.87, latitude=49.9036, cpuResource=CPUResource{cpuCapacity=CPU{modelName='Intel(R) Core(TM) i7-7700 CPU @ 3.60GHz', cores=4, threads=4, bogoMIPS=7200.11, MIPS=7200.11, GFlop=0.0, minimalFrequency=3600.056, averageFrequency=3600.056, maximalFrequency=3600.056, shares=4000, slots=0.0}, cpuAllocatable=CPU{modelName='Intel(R) Core(TM) i7-7700 CPU @ 3.60GHz', cores=4, threads=4, bogoMIPS=7200.11, MIPS=7200.11, GFlop=0.0, minimalFrequency=3600.056, averageFrequency=3600.056, maximalFrequency=3600.056, shares=3000, slots=0.0}}, memoryResource=MemoryResource{memoryCapacity=Memory{size=3.827549, slots=0}, memoryAllocatable=Memory{size=2.82, slots=0}}, storageResource=StorageResource{storageCapacity=Storage{size=26.2, slots=0}, storageAllocatable=Storage{size=0.0, slots=0}}, nodeTags=[dev.pulceo.prm.model.node.NodeTag@2dfbed05]}}, destNode=AzureNode{azureProvider=AzureProvider{providerMetaData=ProviderMetaData{providerName='azure-provider', providerType=AZURE}}, nodeMetaData=NodeMetaData{remoteNodeUUID=95c1c692-8c8e-4cf2-bf40-162f1cd1c8eb, pnaUUID=3b4af61f-8bb4-4118-9640-b530c6aec54e, hostname='pulceo-node-6659339536.westus.cloudapp.azure.com'}, node=Node{name='cloud2', type=CLOUD, layer=1, role=WORKLOAD, nodeGroup='', country='USA', state='California', city='San Francisco', longitude=-119.852, latitude=47.233, cpuResource=CPUResource{cpuCapacity=CPU{modelName='Intel(R) Xeon(R) CPU E5-2673 v4 @ 2.30GHz', cores=2, threads=2, bogoMIPS=4589.37, MIPS=4589.37, GFlop=0.0, minimalFrequency=2294.685, averageFrequency=2294.685, maximalFrequency=2294.685, shares=2000, slots=0.0}, cpuAllocatable=CPU{modelName='Intel(R) Xeon(R) CPU E5-2673 v4 @ 2.30GHz', cores=2, threads=2, bogoMIPS=4589.37, MIPS=4589.37, GFlop=0.0, minimalFrequency=2294.685, averageFrequency=2294.685, maximalFrequency=2294.685, shares=1000, slots=0.0}}, memoryResource=MemoryResource{memoryCapacity=Memory{size=3.8216286, slots=0}, memoryAllocatable=Memory{size=2.82, slots=0}}, storageResource=StorageResource{storageCapacity=Storage{size=28.9, slots=0}, storageAllocatable=Storage{size=0.0, slots=0}}, nodeTags=[dev.pulceo.prm.model.node.NodeTag@68909af7]}, azureDeloymentResult=AzureDeloymentResult{resourceGroupName='pulceo-node-6659339536', sku='Standard_B2s', fqdn='pulceo-node-6659339536.westus.cloudapp.azure.com'}}}",payload,EVENT,LINK_CREATED,4ff7cb15-ff05-4d36-b2bc-6670c7693d3c,2024-04-16T13:16:40.392246799
,,34,2024-03-18T18:20:39.442145591Z,2024-04-17T18:20:39.442145591Z,2024-04-16T13:33:26.3238352Z,"NodeLink{remoteNodeLinkUUID=c94d9c5b-ecdb-4858-a458-2c3a65f32abf, srcNode=OnPremNode{onPremProvider=OnPremProvider{providerMetaData=ProviderMetaData{providerName='default', providerType=ON_PREM}}, nodeMetaData=NodeMetaData{remoteNodeUUID=5ba8ba06-fb2f-4098-a580-6f7df36cb233, pnaUUID=6dc8fca9-d1a6-4436-b1c9-122bbaa55235, hostname='h5138.pi.uni-bamberg.de'}, node=Node{name='fog1', type=FOG, layer=1, role=WORKLOAD, nodeGroup='', country='Germany', state='Bavaria', city='Bamberg', longitude=10.87, latitude=49.9036, cpuResource=CPUResource{cpuCapacity=CPU{modelName='Intel(R) Core(TM) i7-7700 CPU @ 3.60GHz', cores=2, threads=2, bogoMIPS=7200.11, MIPS=7200.11, GFlop=0.0, minimalFrequency=3600.058, averageFrequency=3600.058, maximalFrequency=3600.058, shares=2000, slots=0.0}, cpuAllocatable=CPU{modelName='Intel(R) Core(TM) i7-7700 CPU @ 3.60GHz', cores=2, threads=2, bogoMIPS=7200.11, MIPS=7200.11, GFlop=0.0, minimalFrequency=3600.058, averageFrequency=3600.058, maximalFrequency=3600.058, shares=1000, slots=0.0}}, memoryResource=MemoryResource{memoryCapacity=Memory{size=1.9250717, slots=0}, memoryAllocatable=Memory{size=0.92, slots=0}}, storageResource=StorageResource{storageCapacity=Storage{size=26.2, slots=0}, storageAllocatable=Storage{size=0.0, slots=0}}, nodeTags=[dev.pulceo.prm.model.node.NodeTag@59093e1a]}}, destNode=OnPremNode{onPremProvider=OnPremProvider{providerMetaData=ProviderMetaData{providerName='default', providerType=ON_PREM}}, nodeMetaData=NodeMetaData{remoteNodeUUID=f9925b83-aa59-43b5-9b9d-95c149ac27f2, pnaUUID=265916fb-2092-40ee-9528-b32f4ea911a1, hostname='h5136.pi.uni-bamberg.de'}, node=Node{name='fog2', type=FOG, layer=1, role=WORKLOAD, nodeGroup='', country='Germany', state='Bavaria', city='Bamberg', longitude=10.87, latitude=49.9036, cpuResource=CPUResource{cpuCapacity=CPU{modelName='Intel(R) Core(TM) i7-7700 CPU @ 3.60GHz', cores=4, threads=4, bogoMIPS=7200.11, MIPS=7200.11, GFlop=0.0, minimalFrequency=3600.056, averageFrequency=3600.056, maximalFrequency=3600.056, shares=4000, slots=0.0}, cpuAllocatable=CPU{modelName='Intel(R) Core(TM) i7-7700 CPU @ 3.60GHz', cores=4, threads=4, bogoMIPS=7200.11, MIPS=7200.11, GFlop=0.0, minimalFrequency=3600.056, averageFrequency=3600.056, maximalFrequency=3600.056, shares=3000, slots=0.0}}, memoryResource=MemoryResource{memoryCapacity=Memory{size=3.827549, slots=0}, memoryAllocatable=Memory{size=2.82, slots=0}}, storageResource=StorageResource{storageCapacity=Storage{size=26.2, slots=0}, storageAllocatable=Storage{size=0.0, slots=0}}, nodeTags=[dev.pulceo.prm.model.node.NodeTag@6c423be4]}}}",payload,EVENT,LINK_CREATED,59b3fe14-ac81-40b6-a8f5-3b4a940d8348,2024-04-16T13:33:26.278974726
,,35,2024-03-18T18:20:39.442145591Z,2024-04-17T18:20:39.442145591Z,2024-04-16T13:16:57.951126782Z,"NodeLink{remoteNodeLinkUUID=6347bbe7-1333-4185-b563-f57eb799f909, srcNode=AzureNode{azureProvider=AzureProvider{providerMetaData=ProviderMetaData{providerName='azure-provider', providerType=AZURE}}, nodeMetaData=NodeMetaData{remoteNodeUUID=58fad889-0ea9-44ba-a0ec-b2324869879d, pnaUUID=26c8c3d4-badc-4b7a-adb5-ec9d920784c3, hostname='pulceo-node-eae9342543.westeurope.cloudapp.azure.com'}, node=Node{name='cloud1', type=CLOUD, layer=1, role=WORKLOAD, nodeGroup='', country='Netherlands', state='Noord-Holland', city='Schiphol', longitude=4.9, latitude=52.3667, cpuResource=CPUResource{cpuCapacity=CPU{modelName='Intel(R) Xeon(R) Platinum 8171M CPU @ 2.60GHz', cores=2, threads=2, bogoMIPS=4190.15, MIPS=4190.15, GFlop=0.0, minimalFrequency=2095.076, averageFrequency=2095.076, maximalFrequency=2095.076, shares=2000, slots=0.0}, cpuAllocatable=CPU{modelName='Intel(R) Xeon(R) Platinum 8171M CPU @ 2.60GHz', cores=2, threads=2, bogoMIPS=4190.15, MIPS=4190.15, GFlop=0.0, minimalFrequency=2095.076, averageFrequency=2095.076, maximalFrequency=2095.076, shares=1000, slots=0.0}}, memoryResource=MemoryResource{memoryCapacity=Memory{size=3.8216248, slots=0}, memoryAllocatable=Memory{size=2.82, slots=0}}, storageResource=StorageResource{storageCapacity=Storage{size=28.9, slots=0}, storageAllocatable=Storage{size=0.0, slots=0}}, nodeTags=[dev.pulceo.prm.model.node.NodeTag@44a0c235]}, azureDeloymentResult=AzureDeloymentResult{resourceGroupName='pulceo-node-eae9342543', sku='Standard_B2s', fqdn='pulceo-node-eae9342543.westeurope.cloudapp.azure.com'}}, destNode=OnPremNode{onPremProvider=OnPremProvider{providerMetaData=ProviderMetaData{providerName='default', providerType=ON_PREM}}, nodeMetaData=NodeMetaData{remoteNodeUUID=274f4374-494c-4614-9e4f-07d708939130, pnaUUID=be6f0093-ebff-4494-8123-6ab50d3ae8e5, hostname='h5137.pi.uni-bamberg.de'}, node=Node{name='fog3', type=FOG, layer=1, role=WORKLOAD, nodeGroup='', country='Germany', state='Bavaria', city='Bamberg', longitude=10.87, latitude=49.9036, cpuResource=CPUResource{cpuCapacity=CPU{modelName='Intel(R) Core(TM) i7-7700 CPU @ 3.60GHz', cores=8, threads=8, bogoMIPS=7199.92, MIPS=7199.92, GFlop=0.0, minimalFrequency=3599.962, averageFrequency=3599.962, maximalFrequency=3599.962, shares=8000, slots=0.0}, cpuAllocatable=CPU{modelName='Intel(R) Core(TM) i7-7700 CPU @ 3.60GHz', cores=8, threads=8, bogoMIPS=7199.92, MIPS=7199.92, GFlop=0.0, minimalFrequency=3599.962, averageFrequency=3599.962, maximalFrequency=3599.962, shares=7000, slots=0.0}}, memoryResource=MemoryResource{memoryCapacity=Memory{size=9.715271, slots=0}, memoryAllocatable=Memory{size=8.71, slots=0}}, storageResource=StorageResource{storageCapacity=Storage{size=26.2, slots=0}, storageAllocatable=Storage{size=0.0, slots=0}}, nodeTags=[dev.pulceo.prm.model.node.NodeTag@4bb0d1db]}}}",payload,EVENT,LINK_CREATED,8cbbd3a4-87f5-4b43-a276-ba1cb12f8bf8,2024-04-16T13:16:57.906982493
,,36,2024-03-18T18:20:39.442145591Z,2024-04-17T18:20:39.442145591Z,2024-04-16T13:17:01.696251948Z,"NodeLink{remoteNodeLinkUUID=6e4969dd-41df-4450-b322-0919594d7c46, srcNode=AzureNode{azureProvider=AzureProvider{providerMetaData=ProviderMetaData{providerName='azure-provider', providerType=AZURE}}, nodeMetaData=NodeMetaData{remoteNodeUUID=58fad889-0ea9-44ba-a0ec-b2324869879d, pnaUUID=26c8c3d4-badc-4b7a-adb5-ec9d920784c3, hostname='pulceo-node-eae9342543.westeurope.cloudapp.azure.com'}, node=Node{name='cloud1', type=CLOUD, layer=1, role=WORKLOAD, nodeGroup='', country='Netherlands', state='Noord-Holland', city='Schiphol', longitude=4.9, latitude=52.3667, cpuResource=CPUResource{cpuCapacity=CPU{modelName='Intel(R) Xeon(R) Platinum 8171M CPU @ 2.60GHz', cores=2, threads=2, bogoMIPS=4190.15, MIPS=4190.15, GFlop=0.0, minimalFrequency=2095.076, averageFrequency=2095.076, maximalFrequency=2095.076, shares=2000, slots=0.0}, cpuAllocatable=CPU{modelName='Intel(R) Xeon(R) Platinum 8171M CPU @ 2.60GHz', cores=2, threads=2, bogoMIPS=4190.15, MIPS=4190.15, GFlop=0.0, minimalFrequency=2095.076, averageFrequency=2095.076, maximalFrequency=2095.076, shares=1000, slots=0.0}}, memoryResource=MemoryResource{memoryCapacity=Memory{size=3.8216248, slots=0}, memoryAllocatable=Memory{size=2.82, slots=0}}, storageResource=StorageResource{storageCapacity=Storage{size=28.9, slots=0}, storageAllocatable=Storage{size=0.0, slots=0}}, nodeTags=[dev.pulceo.prm.model.node.NodeTag@48f6ddb0]}, azureDeloymentResult=AzureDeloymentResult{resourceGroupName='pulceo-node-eae9342543', sku='Standard_B2s', fqdn='pulceo-node-eae9342543.westeurope.cloudapp.azure.com'}}, destNode=OnPremNode{onPremProvider=OnPremProvider{providerMetaData=ProviderMetaData{providerName='default', providerType=ON_PREM}}, nodeMetaData=NodeMetaData{remoteNodeUUID=5ba8ba06-fb2f-4098-a580-6f7df36cb233, pnaUUID=6dc8fca9-d1a6-4436-b1c9-122bbaa55235, hostname='h5138.pi.uni-bamberg.de'}, node=Node{name='fog1', type=FOG, layer=1, role=WORKLOAD, nodeGroup='', country='Germany', state='Bavaria', city='Bamberg', longitude=10.87, latitude=49.9036, cpuResource=CPUResource{cpuCapacity=CPU{modelName='Intel(R) Core(TM) i7-7700 CPU @ 3.60GHz', cores=2, threads=2, bogoMIPS=7200.11, MIPS=7200.11, GFlop=0.0, minimalFrequency=3600.058, averageFrequency=3600.058, maximalFrequency=3600.058, shares=2000, slots=0.0}, cpuAllocatable=CPU{modelName='Intel(R) Core(TM) i7-7700 CPU @ 3.60GHz', cores=2, threads=2, bogoMIPS=7200.11, MIPS=7200.11, GFlop=0.0, minimalFrequency=3600.058, averageFrequency=3600.058, maximalFrequency=3600.058, shares=1000, slots=0.0}}, memoryResource=MemoryResource{memoryCapacity=Memory{size=1.9250717, slots=0}, memoryAllocatable=Memory{size=0.92, slots=0}}, storageResource=StorageResource{storageCapacity=Storage{size=26.2, slots=0}, storageAllocatable=Storage{size=0.0, slots=0}}, nodeTags=[dev.pulceo.prm.model.node.NodeTag@49676c07]}}}",payload,EVENT,LINK_CREATED,92e93a1a-76df-4f2c-8d2b-311984b6b968,2024-04-16T13:17:01.651952285
,,37,2024-03-18T18:20:39.442145591Z,2024-04-17T18:20:39.442145591Z,2024-04-16T13:16:51.314223503Z,"NodeLink{remoteNodeLinkUUID=10506d7e-84b8-4c79-9563-a0fc7a03f1d1, srcNode=AzureNode{azureProvider=AzureProvider{providerMetaData=ProviderMetaData{providerName='azure-provider', providerType=AZURE}}, nodeMetaData=NodeMetaData{remoteNodeUUID=95c1c692-8c8e-4cf2-bf40-162f1cd1c8eb, pnaUUID=3b4af61f-8bb4-4118-9640-b530c6aec54e, hostname='pulceo-node-6659339536.westus.cloudapp.azure.com'}, node=Node{name='cloud2', type=CLOUD, layer=1, role=WORKLOAD, nodeGroup='', country='USA', state='California', city='San Francisco', longitude=-119.852, latitude=47.233, cpuResource=CPUResource{cpuCapacity=CPU{modelName='Intel(R) Xeon(R) CPU E5-2673 v4 @ 2.30GHz', cores=2, threads=2, bogoMIPS=4589.37, MIPS=4589.37, GFlop=0.0, minimalFrequency=2294.685, averageFrequency=2294.685, maximalFrequency=2294.685, shares=2000, slots=0.0}, cpuAllocatable=CPU{modelName='Intel(R) Xeon(R) CPU E5-2673 v4 @ 2.30GHz', cores=2, threads=2, bogoMIPS=4589.37, MIPS=4589.37, GFlop=0.0, minimalFrequency=2294.685, averageFrequency=2294.685, maximalFrequency=2294.685, shares=1000, slots=0.0}}, memoryResource=MemoryResource{memoryCapacity=Memory{size=3.8216286, slots=0}, memoryAllocatable=Memory{size=2.82, slots=0}}, storageResource=StorageResource{storageCapacity=Storage{size=28.9, slots=0}, storageAllocatable=Storage{size=0.0, slots=0}}, nodeTags=[dev.pulceo.prm.model.node.NodeTag@1a6f5330]}, azureDeloymentResult=AzureDeloymentResult{resourceGroupName='pulceo-node-6659339536', sku='Standard_B2s', fqdn='pulceo-node-6659339536.westus.cloudapp.azure.com'}}, destNode=OnPremNode{onPremProvider=OnPremProvider{providerMetaData=ProviderMetaData{providerName='default', providerType=ON_PREM}}, nodeMetaData=NodeMetaData{remoteNodeUUID=f9925b83-aa59-43b5-9b9d-95c149ac27f2, pnaUUID=265916fb-2092-40ee-9528-b32f4ea911a1, hostname='h5136.pi.uni-bamberg.de'}, node=Node{name='fog2', type=FOG, layer=1, role=WORKLOAD, nodeGroup='', country='Germany', state='Bavaria', city='Bamberg', longitude=10.87, latitude=49.9036, cpuResource=CPUResource{cpuCapacity=CPU{modelName='Intel(R) Core(TM) i7-7700 CPU @ 3.60GHz', cores=4, threads=4, bogoMIPS=7200.11, MIPS=7200.11, GFlop=0.0, minimalFrequency=3600.056, averageFrequency=3600.056, maximalFrequency=3600.056, shares=4000, slots=0.0}, cpuAllocatable=CPU{modelName='Intel(R) Core(TM) i7-7700 CPU @ 3.60GHz', cores=4, threads=4, bogoMIPS=7200.11, MIPS=7200.11, GFlop=0.0, minimalFrequency=3600.056, averageFrequency=3600.056, maximalFrequency=3600.056, shares=3000, slots=0.0}}, memoryResource=MemoryResource{memoryCapacity=Memory{size=3.827549, slots=0}, memoryAllocatable=Memory{size=2.82, slots=0}}, storageResource=StorageResource{storageCapacity=Storage{size=26.2, slots=0}, storageAllocatable=Storage{size=0.0, slots=0}}, nodeTags=[dev.pulceo.prm.model.node.NodeTag@13a11158]}}}",payload,EVENT,LINK_CREATED,962c5dc9-5dec-493d-a1e1-e933fd50e8e4,2024-04-16T13:16:51.270021434
,,38,2024-03-18T18:20:39.442145591Z,2024-04-17T18:20:39.442145591Z,2024-04-16T13:16:42.066548955Z,"NodeLink{remoteNodeLinkUUID=4fe614e6-97d8-40f1-88be-b3d0054c43b5, srcNode=OnPremNode{onPremProvider=OnPremProvider{providerMetaData=ProviderMetaData{providerName='default', providerType=ON_PREM}}, nodeMetaData=NodeMetaData{remoteNodeUUID=f9925b83-aa59-43b5-9b9d-95c149ac27f2, pnaUUID=265916fb-2092-40ee-9528-b32f4ea911a1, hostname='h5136.pi.uni-bamberg.de'}, node=Node{name='fog2', type=FOG, layer=1, role=WORKLOAD, nodeGroup='', country='Germany', state='Bavaria', city='Bamberg', longitude=10.87, latitude=49.9036, cpuResource=CPUResource{cpuCapacity=CPU{modelName='Intel(R) Core(TM) i7-7700 CPU @ 3.60GHz', cores=4, threads=4, bogoMIPS=7200.11, MIPS=7200.11, GFlop=0.0, minimalFrequency=3600.056, averageFrequency=3600.056, maximalFrequency=3600.056, shares=4000, slots=0.0}, cpuAllocatable=CPU{modelName='Intel(R) Core(TM) i7-7700 CPU @ 3.60GHz', cores=4, threads=4, bogoMIPS=7200.11, MIPS=7200.11, GFlop=0.0, minimalFrequency=3600.056, averageFrequency=3600.056, maximalFrequency=3600.056, shares=3000, slots=0.0}}, memoryResource=MemoryResource{memoryCapacity=Memory{size=3.827549, slots=0}, memoryAllocatable=Memory{size=2.82, slots=0}}, storageResource=StorageResource{storageCapacity=Storage{size=26.2, slots=0}, storageAllocatable=Storage{size=0.0, slots=0}}, nodeTags=[dev.pulceo.prm.model.node.NodeTag@6dfdb8b3]}}, destNode=AzureNode{azureProvider=AzureProvider{providerMetaData=ProviderMetaData{providerName='azure-provider', providerType=AZURE}}, nodeMetaData=NodeMetaData{remoteNodeUUID=58fad889-0ea9-44ba-a0ec-b2324869879d, pnaUUID=26c8c3d4-badc-4b7a-adb5-ec9d920784c3, hostname='pulceo-node-eae9342543.westeurope.cloudapp.azure.com'}, node=Node{name='cloud1', type=CLOUD, layer=1, role=WORKLOAD, nodeGroup='', country='Netherlands', state='Noord-Holland', city='Schiphol', longitude=4.9, latitude=52.3667, cpuResource=CPUResource{cpuCapacity=CPU{modelName='Intel(R) Xeon(R) Platinum 8171M CPU @ 2.60GHz', cores=2, threads=2, bogoMIPS=4190.15, MIPS=4190.15, GFlop=0.0, minimalFrequency=2095.076, averageFrequency=2095.076, maximalFrequency=2095.076, shares=2000, slots=0.0}, cpuAllocatable=CPU{modelName='Intel(R) Xeon(R) Platinum 8171M CPU @ 2.60GHz', cores=2, threads=2, bogoMIPS=4190.15, MIPS=4190.15, GFlop=0.0, minimalFrequency=2095.076, averageFrequency=2095.076, maximalFrequency=2095.076, shares=1000, slots=0.0}}, memoryResource=MemoryResource{memoryCapacity=Memory{size=3.8216248, slots=0}, memoryAllocatable=Memory{size=2.82, slots=0}}, storageResource=StorageResource{storageCapacity=Storage{size=28.9, slots=0}, storageAllocatable=Storage{size=0.0, slots=0}}, nodeTags=[dev.pulceo.prm.model.node.NodeTag@8549820]}, azureDeloymentResult=AzureDeloymentResult{resourceGroupName='pulceo-node-eae9342543', sku='Standard_B2s', fqdn='pulceo-node-eae9342543.westeurope.cloudapp.azure.com'}}}",payload,EVENT,LINK_CREATED,9da6692b-47aa-4334-b99a-b593517577c2,2024-04-16T13:16:42.022413646
,,39,2024-03-18T18:20:39.442145591Z,2024-04-17T18:20:39.442145591Z,2024-04-16T13:16:37.197117006Z,"NodeLink{remoteNodeLinkUUID=32b28fc0-2c9a-41fb-b51d-27102d365030, srcNode=OnPremNode{onPremProvider=OnPremProvider{providerMetaData=ProviderMetaData{providerName='default', providerType=ON_PREM}}, nodeMetaData=NodeMetaData{remoteNodeUUID=274f4374-494c-4614-9e4f-07d708939130, pnaUUID=be6f0093-ebff-4494-8123-6ab50d3ae8e5, hostname='h5137.pi.uni-bamberg.de'}, node=Node{name='fog3', type=FOG, layer=1, role=WORKLOAD, nodeGroup='', country='Germany', state='Bavaria', city='Bamberg', longitude=10.87, latitude=49.9036, cpuResource=CPUResource{cpuCapacity=CPU{modelName='Intel(R) Core(TM) i7-7700 CPU @ 3.60GHz', cores=8, threads=8, bogoMIPS=7199.92, MIPS=7199.92, GFlop=0.0, minimalFrequency=3599.962, averageFrequency=3599.962, maximalFrequency=3599.962, shares=8000, slots=0.0}, cpuAllocatable=CPU{modelName='Intel(R) Core(TM) i7-7700 CPU @ 3.60GHz', cores=8, threads=8, bogoMIPS=7199.92, MIPS=7199.92, GFlop=0.0, minimalFrequency=3599.962, averageFrequency=3599.962, maximalFrequency=3599.962, shares=7000, slots=0.0}}, memoryResource=MemoryResource{memoryCapacity=Memory{size=9.715271, slots=0}, memoryAllocatable=Memory{size=8.71, slots=0}}, storageResource=StorageResource{storageCapacity=Storage{size=26.2, slots=0}, storageAllocatable=Storage{size=0.0, slots=0}}, nodeTags=[dev.pulceo.prm.model.node.NodeTag@41934a43]}}, destNode=OnPremNode{onPremProvider=OnPremProvider{providerMetaData=ProviderMetaData{providerName='default', providerType=ON_PREM}}, nodeMetaData=NodeMetaData{remoteNodeUUID=f9925b83-aa59-43b5-9b9d-95c149ac27f2, pnaUUID=265916fb-2092-40ee-9528-b32f4ea911a1, hostname='h5136.pi.uni-bamberg.de'}, node=Node{name='fog2', type=FOG, layer=1, role=WORKLOAD, nodeGroup='', country='Germany', state='Bavaria', city='Bamberg', longitude=10.87, latitude=49.9036, cpuResource=CPUResource{cpuCapacity=CPU{modelName='Intel(R) Core(TM) i7-7700 CPU @ 3.60GHz', cores=4, threads=4, bogoMIPS=7200.11, MIPS=7200.11, GFlop=0.0, minimalFrequency=3600.056, averageFrequency=3600.056, maximalFrequency=3600.056, shares=4000, slots=0.0}, cpuAllocatable=CPU{modelName='Intel(R) Core(TM) i7-7700 CPU @ 3.60GHz', cores=4, threads=4, bogoMIPS=7200.11, MIPS=7200.11, GFlop=0.0, minimalFrequency=3600.056, averageFrequency=3600.056, maximalFrequency=3600.056, shares=3000, slots=0.0}}, memoryResource=MemoryResource{memoryCapacity=Memory{size=3.827549, slots=0}, memoryAllocatable=Memory{size=2.82, slots=0}}, storageResource=StorageResource{storageCapacity=Storage{size=26.2, slots=0}, storageAllocatable=Storage{size=0.0, slots=0}}, nodeTags=[dev.pulceo.prm.model.node.NodeTag@6ea87ab8]}}}",payload,EVENT,LINK_CREATED,a249fee7-80ee-452e-a33a-1aecf9baf893,2024-04-16T13:16:37.152550451
,,40,2024-03-18T18:20:39.442145591Z,2024-04-17T18:20:39.442145591Z,2024-04-16T13:16:53.831993145Z,"NodeLink{remoteNodeLinkUUID=b9d44990-26a9-4260-894a-1c3b7d56b2ba, srcNode=AzureNode{azureProvider=AzureProvider{providerMetaData=ProviderMetaData{providerName='azure-provider', providerType=AZURE}}, nodeMetaData=NodeMetaData{remoteNodeUUID=95c1c692-8c8e-4cf2-bf40-162f1cd1c8eb, pnaUUID=3b4af61f-8bb4-4118-9640-b530c6aec54e, hostname='pulceo-node-6659339536.westus.cloudapp.azure.com'}, node=Node{name='cloud2', type=CLOUD, layer=1, role=WORKLOAD, nodeGroup='', country='USA', state='California', city='San Francisco', longitude=-119.852, latitude=47.233, cpuResource=CPUResource{cpuCapacity=CPU{modelName='Intel(R) Xeon(R) CPU E5-2673 v4 @ 2.30GHz', cores=2, threads=2, bogoMIPS=4589.37, MIPS=4589.37, GFlop=0.0, minimalFrequency=2294.685, averageFrequency=2294.685, maximalFrequency=2294.685, shares=2000, slots=0.0}, cpuAllocatable=CPU{modelName='Intel(R) Xeon(R) CPU E5-2673 v4 @ 2.30GHz', cores=2, threads=2, bogoMIPS=4589.37, MIPS=4589.37, GFlop=0.0, minimalFrequency=2294.685, averageFrequency=2294.685, maximalFrequency=2294.685, shares=1000, slots=0.0}}, memoryResource=MemoryResource{memoryCapacity=Memory{size=3.8216286, slots=0}, memoryAllocatable=Memory{size=2.82, slots=0}}, storageResource=StorageResource{storageCapacity=Storage{size=28.9, slots=0}, storageAllocatable=Storage{size=0.0, slots=0}}, nodeTags=[dev.pulceo.prm.model.node.NodeTag@30bb10e2]}, azureDeloymentResult=AzureDeloymentResult{resourceGroupName='pulceo-node-6659339536', sku='Standard_B2s', fqdn='pulceo-node-6659339536.westus.cloudapp.azure.com'}}, destNode=OnPremNode{onPremProvider=OnPremProvider{providerMetaData=ProviderMetaData{providerName='default', providerType=ON_PREM}}, nodeMetaData=NodeMetaData{remoteNodeUUID=274f4374-494c-4614-9e4f-07d708939130, pnaUUID=be6f0093-ebff-4494-8123-6ab50d3ae8e5, hostname='h5137.pi.uni-bamberg.de'}, node=Node{name='fog3', type=FOG, layer=1, role=WORKLOAD, nodeGroup='', country='Germany', state='Bavaria', city='Bamberg', longitude=10.87, latitude=49.9036, cpuResource=CPUResource{cpuCapacity=CPU{modelName='Intel(R) Core(TM) i7-7700 CPU @ 3.60GHz', cores=8, threads=8, bogoMIPS=7199.92, MIPS=7199.92, GFlop=0.0, minimalFrequency=3599.962, averageFrequency=3599.962, maximalFrequency=3599.962, shares=8000, slots=0.0}, cpuAllocatable=CPU{modelName='Intel(R) Core(TM) i7-7700 CPU @ 3.60GHz', cores=8, threads=8, bogoMIPS=7199.92, MIPS=7199.92, GFlop=0.0, minimalFrequency=3599.962, averageFrequency=3599.962, maximalFrequency=3599.962, shares=7000, slots=0.0}}, memoryResource=MemoryResource{memoryCapacity=Memory{size=9.715271, slots=0}, memoryAllocatable=Memory{size=8.71, slots=0}}, storageResource=StorageResource{storageCapacity=Storage{size=26.2, slots=0}, storageAllocatable=Storage{size=0.0, slots=0}}, nodeTags=[dev.pulceo.prm.model.node.NodeTag@17bf2cce]}}}",payload,EVENT,LINK_CREATED,dc1f479e-6025-4746-b306-cc29f574ab6e,2024-04-16T13:16:53.787950373
,,41,2024-03-18T18:20:39.442145591Z,2024-04-17T18:20:39.442145591Z,2024-04-16T13:16:48.341288757Z,"NodeLink{remoteNodeLinkUUID=9cc45a3b-e85e-4fb1-92c8-6147f56514da, srcNode=OnPremNode{onPremProvider=OnPremProvider{providerMetaData=ProviderMetaData{providerName='default', providerType=ON_PREM}}, nodeMetaData=NodeMetaData{remoteNodeUUID=5ba8ba06-fb2f-4098-a580-6f7df36cb233, pnaUUID=6dc8fca9-d1a6-4436-b1c9-122bbaa55235, hostname='h5138.pi.uni-bamberg.de'}, node=Node{name='fog1', type=FOG, layer=1, role=WORKLOAD, nodeGroup='', country='Germany', state='Bavaria', city='Bamberg', longitude=10.87, latitude=49.9036, cpuResource=CPUResource{cpuCapacity=CPU{modelName='Intel(R) Core(TM) i7-7700 CPU @ 3.60GHz', cores=2, threads=2, bogoMIPS=7200.11, MIPS=7200.11, GFlop=0.0, minimalFrequency=3600.058, averageFrequency=3600.058, maximalFrequency=3600.058, shares=2000, slots=0.0}, cpuAllocatable=CPU{modelName='Intel(R) Core(TM) i7-7700 CPU @ 3.60GHz', cores=2, threads=2, bogoMIPS=7200.11, MIPS=7200.11, GFlop=0.0, minimalFrequency=3600.058, averageFrequency=3600.058, maximalFrequency=3600.058, shares=1000, slots=0.0}}, memoryResource=MemoryResource{memoryCapacity=Memory{size=1.9250717, slots=0}, memoryAllocatable=Memory{size=0.92, slots=0}}, storageResource=StorageResource{storageCapacity=Storage{size=26.2, slots=0}, storageAllocatable=Storage{size=0.0, slots=0}}, nodeTags=[dev.pulceo.prm.model.node.NodeTag@268d7057]}}, destNode=AzureNode{azureProvider=AzureProvider{providerMetaData=ProviderMetaData{providerName='azure-provider', providerType=AZURE}}, nodeMetaData=NodeMetaData{remoteNodeUUID=58fad889-0ea9-44ba-a0ec-b2324869879d, pnaUUID=26c8c3d4-badc-4b7a-adb5-ec9d920784c3, hostname='pulceo-node-eae9342543.westeurope.cloudapp.azure.com'}, node=Node{name='cloud1', type=CLOUD, layer=1, role=WORKLOAD, nodeGroup='', country='Netherlands', state='Noord-Holland', city='Schiphol', longitude=4.9, latitude=52.3667, cpuResource=CPUResource{cpuCapacity=CPU{modelName='Intel(R) Xeon(R) Platinum 8171M CPU @ 2.60GHz', cores=2, threads=2, bogoMIPS=4190.15, MIPS=4190.15, GFlop=0.0, minimalFrequency=2095.076, averageFrequency=2095.076, maximalFrequency=2095.076, shares=2000, slots=0.0}, cpuAllocatable=CPU{modelName='Intel(R) Xeon(R) Platinum 8171M CPU @ 2.60GHz', cores=2, threads=2, bogoMIPS=4190.15, MIPS=4190.15, GFlop=0.0, minimalFrequency=2095.076, averageFrequency=2095.076, maximalFrequency=2095.076, shares=1000, slots=0.0}}, memoryResource=MemoryResource{memoryCapacity=Memory{size=3.8216248, slots=0}, memoryAllocatable=Memory{size=2.82, slots=0}}, storageResource=StorageResource{storageCapacity=Storage{size=28.9, slots=0}, storageAllocatable=Storage{size=0.0, slots=0}}, nodeTags=[dev.pulceo.prm.model.node.NodeTag@7bacc855]}, azureDeloymentResult=AzureDeloymentResult{resourceGroupName='pulceo-node-eae9342543', sku='Standard_B2s', fqdn='pulceo-node-eae9342543.westeurope.cloudapp.azure.com'}}}",payload,EVENT,LINK_CREATED,ddd99465-b981-4efc-84f3-5fc13137c94a,2024-04-16T13:16:48.296901140
,,42,2024-03-18T18:20:39.442145591Z,2024-04-17T18:20:39.442145591Z,2024-04-16T13:16:46.42417198Z,"NodeLink{remoteNodeLinkUUID=92f3680d-f6b1-4c9b-a19a-bb6f0ed9d7c4, srcNode=OnPremNode{onPremProvider=OnPremProvider{providerMetaData=ProviderMetaData{providerName='default', providerType=ON_PREM}}, nodeMetaData=NodeMetaData{remoteNodeUUID=5ba8ba06-fb2f-4098-a580-6f7df36cb233, pnaUUID=6dc8fca9-d1a6-4436-b1c9-122bbaa55235, hostname='h5138.pi.uni-bamberg.de'}, node=Node{name='fog1', type=FOG, layer=1, role=WORKLOAD, nodeGroup='', country='Germany', state='Bavaria', city='Bamberg', longitude=10.87, latitude=49.9036, cpuResource=CPUResource{cpuCapacity=CPU{modelName='Intel(R) Core(TM) i7-7700 CPU @ 3.60GHz', cores=2, threads=2, bogoMIPS=7200.11, MIPS=7200.11, GFlop=0.0, minimalFrequency=3600.058, averageFrequency=3600.058, maximalFrequency=3600.058, shares=2000, slots=0.0}, cpuAllocatable=CPU{modelName='Intel(R) Core(TM) i7-7700 CPU @ 3.60GHz', cores=2, threads=2, bogoMIPS=7200.11, MIPS=7200.11, GFlop=0.0, minimalFrequency=3600.058, averageFrequency=3600.058, maximalFrequency=3600.058, shares=1000, slots=0.0}}, memoryResource=MemoryResource{memoryCapacity=Memory{size=1.9250717, slots=0}, memoryAllocatable=Memory{size=0.92, slots=0}}, storageResource=StorageResource{storageCapacity=Storage{size=26.2, slots=0}, storageAllocatable=Storage{size=0.0, slots=0}}, nodeTags=[dev.pulceo.prm.model.node.NodeTag@467341c0]}}, destNode=AzureNode{azureProvider=AzureProvider{providerMetaData=ProviderMetaData{providerName='azure-provider', providerType=AZURE}}, nodeMetaData=NodeMetaData{remoteNodeUUID=95c1c692-8c8e-4cf2-bf40-162f1cd1c8eb, pnaUUID=3b4af61f-8bb4-4118-9640-b530c6aec54e, hostname='pulceo-node-6659339536.westus.cloudapp.azure.com'}, node=Node{name='cloud2', type=CLOUD, layer=1, role=WORKLOAD, nodeGroup='', country='USA', state='California', city='San Francisco', longitude=-119.852, latitude=47.233, cpuResource=CPUResource{cpuCapacity=CPU{modelName='Intel(R) Xeon(R) CPU E5-2673 v4 @ 2.30GHz', cores=2, threads=2, bogoMIPS=4589.37, MIPS=4589.37, GFlop=0.0, minimalFrequency=2294.685, averageFrequency=2294.685, maximalFrequency=2294.685, shares=2000, slots=0.0}, cpuAllocatable=CPU{modelName='Intel(R) Xeon(R) CPU E5-2673 v4 @ 2.30GHz', cores=2, threads=2, bogoMIPS=4589.37, MIPS=4589.37, GFlop=0.0, minimalFrequency=2294.685, averageFrequency=2294.685, maximalFrequency=2294.685, shares=1000, slots=0.0}}, memoryResource=MemoryResource{memoryCapacity=Memory{size=3.8216286, slots=0}, memoryAllocatable=Memory{size=2.82, slots=0}}, storageResource=StorageResource{storageCapacity=Storage{size=28.9, slots=0}, storageAllocatable=Storage{size=0.0, slots=0}}, nodeTags=[dev.pulceo.prm.model.node.NodeTag@9d0b558]}, azureDeloymentResult=AzureDeloymentResult{resourceGroupName='pulceo-node-6659339536', sku='Standard_B2s', fqdn='pulceo-node-6659339536.westus.cloudapp.azure.com'}}}",payload,EVENT,LINK_CREATED,f8913879-b718-48f4-9676-28524b79b905,2024-04-16T13:16:46.380473278
,,43,2024-03-18T18:20:39.442145591Z,2024-04-17T18:20:39.442145591Z,2024-04-16T12:28:58.114111689Z,"ResourceUpdateRequest{nodeUUID=e6c27c8a-a337-49e1-8662-38c96bff3351, key='shares', value=7000.0, resourceType=ALLOCATABLE}",payload,EVENT,NODE_CPU_RESOURCES_UPDATED,110fff57-31d6-4d02-8ecc-77a13e5b635d,2024-04-16T12:28:58.069800680
,,44,2024-03-18T18:20:39.442145591Z,2024-04-17T18:20:39.442145591Z,2024-04-16T12:27:36.959280612Z,"ResourceUpdateRequest{nodeUUID=615ba998-3ecb-40f4-8a00-bdebf5894303, key='shares', value=1000.0, resourceType=ALLOCATABLE}",payload,EVENT,NODE_CPU_RESOURCES_UPDATED,28a75de9-d271-4c2a-8509-9fdfedb51047,2024-04-16T12:27:36.913777473
,,45,2024-03-18T18:20:39.442145591Z,2024-04-17T18:20:39.442145591Z,2024-04-16T12:18:58.089794571Z,"ResourceUpdateRequest{nodeUUID=3f425fb8-c4e5-4eab-9d30-4552e94abdb3, key='shares', value=1000.0, resourceType=ALLOCATABLE}",payload,EVENT,NODE_CPU_RESOURCES_UPDATED,479d9c71-1c72-4706-9ce2-ad347fae9061,2024-04-16T12:18:58.044373685
,,46,2024-03-18T18:20:39.442145591Z,2024-04-17T18:20:39.442145591Z,2024-04-16T12:28:18.289122565Z,"ResourceUpdateRequest{nodeUUID=22d5cc00-3264-4ad5-b85d-26c1bbb4cbf3, key='shares', value=3000.0, resourceType=ALLOCATABLE}",payload,EVENT,NODE_CPU_RESOURCES_UPDATED,5b75f450-e9a1-4cb7-a958-7a12b6562fea,2024-04-16T12:28:18.245157127
,,47,2024-03-18T18:20:39.442145591Z,2024-04-17T18:20:39.442145591Z,2024-04-16T13:08:45.249006408Z,"ResourceUpdateRequest{nodeUUID=c329ad3d-ab6c-41a9-aa8d-5705787a60d6, key='shares', value=1000.0, resourceType=ALLOCATABLE}",payload,EVENT,NODE_CPU_RESOURCES_UPDATED,b5bee1a6-28d2-4a84-9786-93551329e5e7,2024-04-16T13:08:45.203492686
,,48,2024-03-18T18:20:39.442145591Z,2024-04-17T18:20:39.442145591Z,2024-04-16T12:17:26.534904527Z,"ResourceUpdateRequest{nodeUUID=98036c1c-1d51-4fcd-81ab-21fb40b14b3b, key='shares', value=1000.0, resourceType=ALLOCATABLE}",payload,EVENT,NODE_CPU_RESOURCES_UPDATED,dcf9768e-d79e-42f4-b9c0-48893dbda950,2024-04-16T12:17:26.485625602
,,49,2024-03-18T18:20:39.442145591Z,2024-04-17T18:20:39.442145591Z,2024-04-16T12:08:52.271578441Z,"OnPremNode{onPremProvider=OnPremProvider{providerMetaData=ProviderMetaData{providerName='default', providerType=ON_PREM}}, nodeMetaData=NodeMetaData{remoteNodeUUID=274f4374-494c-4614-9e4f-07d708939130, pnaUUID=be6f0093-ebff-4494-8123-6ab50d3ae8e5, hostname='h5137.pi.uni-bamberg.de'}, node=Node{name='fog3', type=FOG, layer=1, role=WORKLOAD, nodeGroup='', country='Germany', state='Bavaria', city='Bamberg', longitude=10.87, latitude=49.9036, cpuResource=CPUResource{cpuCapacity=CPU{modelName='Intel(R) Core(TM) i7-7700 CPU @ 3.60GHz', cores=8, threads=8, bogoMIPS=7199.92, MIPS=7199.92, GFlop=0.0, minimalFrequency=3599.962, averageFrequency=3599.962, maximalFrequency=3599.962, shares=8000, slots=0.0}, cpuAllocatable=CPU{modelName='Intel(R) Core(TM) i7-7700 CPU @ 3.60GHz', cores=8, threads=8, bogoMIPS=7199.92, MIPS=7199.92, GFlop=0.0, minimalFrequency=3599.962, averageFrequency=3599.962, maximalFrequency=3599.962, shares=8000, slots=0.0}}, memoryResource=MemoryResource{memoryCapacity=Memory{size=9.715271, slots=0}, memoryAllocatable=Memory{size=9.715271, slots=0}}, storageResource=StorageResource{storageCapacity=Storage{size=26.2, slots=0}, storageAllocatable=Storage{size=0.0, slots=0}}, nodeTags=[dev.pulceo.prm.model.node.NodeTag@57410fd2]}}",payload,EVENT,NODE_CREATED,25356394-d24e-4d60-a419-bfcc2eff4d9b,2024-04-16T12:08:51.115823004
,,50,2024-03-18T18:20:39.442145591Z,2024-04-17T18:20:39.442145591Z,2024-04-16T12:08:54.945272479Z,"OnPremNode{onPremProvider=OnPremProvider{providerMetaData=ProviderMetaData{providerName='default', providerType=ON_PREM}}, nodeMetaData=NodeMetaData{remoteNodeUUID=f9925b83-aa59-43b5-9b9d-95c149ac27f2, pnaUUID=265916fb-2092-40ee-9528-b32f4ea911a1, hostname='h5136.pi.uni-bamberg.de'}, node=Node{name='fog2', type=FOG, layer=1, role=WORKLOAD, nodeGroup='', country='Germany', state='Bavaria', city='Bamberg', longitude=10.87, latitude=49.9036, cpuResource=CPUResource{cpuCapacity=CPU{modelName='Intel(R) Core(TM) i7-7700 CPU @ 3.60GHz', cores=4, threads=4, bogoMIPS=7200.11, MIPS=7200.11, GFlop=0.0, minimalFrequency=3600.056, averageFrequency=3600.056, maximalFrequency=3600.056, shares=4000, slots=0.0}, cpuAllocatable=CPU{modelName='Intel(R) Core(TM) i7-7700 CPU @ 3.60GHz', cores=4, threads=4, bogoMIPS=7200.11, MIPS=7200.11, GFlop=0.0, minimalFrequency=3600.056, averageFrequency=3600.056, maximalFrequency=3600.056, shares=4000, slots=0.0}}, memoryResource=MemoryResource{memoryCapacity=Memory{size=3.827549, slots=0}, memoryAllocatable=Memory{size=3.827549, slots=0}}, storageResource=StorageResource{storageCapacity=Storage{size=26.2, slots=0}, storageAllocatable=Storage{size=0.0, slots=0}}, nodeTags=[dev.pulceo.prm.model.node.NodeTag@30611fd2]}}",payload,EVENT,NODE_CREATED,386cbfdb-2ae0-48b6-99a4-5af45a47eb6d,2024-04-16T12:08:54.893889852
,,51,2024-03-18T18:20:39.442145591Z,2024-04-17T18:20:39.442145591Z,2024-04-16T12:11:38.818363211Z,"AzureNode{azureProvider=AzureProvider{providerMetaData=ProviderMetaData{providerName='azure-provider', providerType=AZURE}}, nodeMetaData=NodeMetaData{remoteNodeUUID=58fad889-0ea9-44ba-a0ec-b2324869879d, pnaUUID=26c8c3d4-badc-4b7a-adb5-ec9d920784c3, hostname='pulceo-node-eae9342543.westeurope.cloudapp.azure.com'}, node=Node{name='cloud1', type=CLOUD, layer=1, role=WORKLOAD, nodeGroup='', country='Netherlands', state='Noord-Holland', city='Schiphol', longitude=4.9, latitude=52.3667, cpuResource=CPUResource{cpuCapacity=CPU{modelName='Intel(R) Xeon(R) Platinum 8171M CPU @ 2.60GHz', cores=2, threads=2, bogoMIPS=4190.15, MIPS=4190.15, GFlop=0.0, minimalFrequency=2095.076, averageFrequency=2095.076, maximalFrequency=2095.076, shares=2000, slots=0.0}, cpuAllocatable=CPU{modelName='Intel(R) Xeon(R) Platinum 8171M CPU @ 2.60GHz', cores=2, threads=2, bogoMIPS=4190.15, MIPS=4190.15, GFlop=0.0, minimalFrequency=2095.076, averageFrequency=2095.076, maximalFrequency=2095.076, shares=2000, slots=0.0}}, memoryResource=MemoryResource{memoryCapacity=Memory{size=3.8216248, slots=0}, memoryAllocatable=Memory{size=3.8216248, slots=0}}, storageResource=StorageResource{storageCapacity=Storage{size=28.9, slots=0}, storageAllocatable=Storage{size=0.0, slots=0}}, nodeTags=[dev.pulceo.prm.model.node.NodeTag@41c23a5d]}, azureDeloymentResult=AzureDeloymentResult{resourceGroupName='pulceo-node-eae9342543', sku='Standard_B2s', fqdn='pulceo-node-eae9342543.westeurope.cloudapp.azure.com'}}",payload,EVENT,NODE_CREATED,5830d00c-fd6f-429e-a68f-0788b3ee0b46,2024-04-16T12:11:38.765628383
,,52,2024-03-18T18:20:39.442145591Z,2024-04-17T18:20:39.442145591Z,2024-04-16T12:13:10.979575544Z,"AzureNode{azureProvider=AzureProvider{providerMetaData=ProviderMetaData{providerName='azure-provider', providerType=AZURE}}, nodeMetaData=NodeMetaData{remoteNodeUUID=95c1c692-8c8e-4cf2-bf40-162f1cd1c8eb, pnaUUID=3b4af61f-8bb4-4118-9640-b530c6aec54e, hostname='pulceo-node-6659339536.westus.cloudapp.azure.com'}, node=Node{name='cloud2', type=CLOUD, layer=1, role=WORKLOAD, nodeGroup='', country='USA', state='California', city='San Francisco', longitude=-119.852, latitude=47.233, cpuResource=CPUResource{cpuCapacity=CPU{modelName='Intel(R) Xeon(R) CPU E5-2673 v4 @ 2.30GHz', cores=2, threads=2, bogoMIPS=4589.37, MIPS=4589.37, GFlop=0.0, minimalFrequency=2294.685, averageFrequency=2294.685, maximalFrequency=2294.685, shares=2000, slots=0.0}, cpuAllocatable=CPU{modelName='Intel(R) Xeon(R) CPU E5-2673 v4 @ 2.30GHz', cores=2, threads=2, bogoMIPS=4589.37, MIPS=4589.37, GFlop=0.0, minimalFrequency=2294.685, averageFrequency=2294.685, maximalFrequency=2294.685, shares=2000, slots=0.0}}, memoryResource=MemoryResource{memoryCapacity=Memory{size=3.8216286, slots=0}, memoryAllocatable=Memory{size=3.8216286, slots=0}}, storageResource=StorageResource{storageCapacity=Storage{size=28.9, slots=0}, storageAllocatable=Storage{size=0.0, slots=0}}, nodeTags=[dev.pulceo.prm.model.node.NodeTag@643e42fd]}, azureDeloymentResult=AzureDeloymentResult{resourceGroupName='pulceo-node-6659339536', sku='Standard_B2s', fqdn='pulceo-node-6659339536.westus.cloudapp.azure.com'}}",payload,EVENT,NODE_CREATED,69704056-ec95-47e7-85bc-1d5890f7ed62,2024-04-16T12:13:10.929007223
,,53,2024-03-18T18:20:39.442145591Z,2024-04-17T18:20:39.442145591Z,2024-04-16T12:09:05.647040015Z,"OnPremNode{onPremProvider=OnPremProvider{providerMetaData=ProviderMetaData{providerName='default', providerType=ON_PREM}}, nodeMetaData=NodeMetaData{remoteNodeUUID=baf2a69d-bd29-41df-ad11-258ff9a11f32, pnaUUID=c4cbae94-dd35-4ba8-a374-0ceebddb7765, hostname='h5135.pi.uni-bamberg.de'}, node=Node{name='gateway1', type=GATEWAY, layer=1, role=WORKLOAD, nodeGroup='', country='Germany', state='Bavaria', city='Bamberg', longitude=10.87, latitude=49.9036, cpuResource=CPUResource{cpuCapacity=CPU{modelName='Intel(R) Core(TM) i7-7700 CPU @ 3.60GHz', cores=2, threads=2, bogoMIPS=7200.11, MIPS=7200.11, GFlop=0.0, minimalFrequency=3600.058, averageFrequency=3600.058, maximalFrequency=3600.058, shares=2000, slots=0.0}, cpuAllocatable=CPU{modelName='Intel(R) Core(TM) i7-7700 CPU @ 3.60GHz', cores=2, threads=2, bogoMIPS=7200.11, MIPS=7200.11, GFlop=0.0, minimalFrequency=3600.058, averageFrequency=3600.058, maximalFrequency=3600.058, shares=2000, slots=0.0}}, memoryResource=MemoryResource{memoryCapacity=Memory{size=1.9250755, slots=0}, memoryAllocatable=Memory{size=1.9250755, slots=0}}, storageResource=StorageResource{storageCapacity=Storage{size=26.2, slots=0}, storageAllocatable=Storage{size=0.0, slots=0}}, nodeTags=[]}}",payload,EVENT,NODE_CREATED,7f77ba88-06a4-414e-bee3-eb4a8901a7f6,2024-04-16T12:09:05.602876055
,,54,2024-03-18T18:20:39.442145591Z,2024-04-17T18:20:39.442145591Z,2024-04-16T12:08:58.00605057Z,"OnPremNode{onPremProvider=OnPremProvider{providerMetaData=ProviderMetaData{providerName='default', providerType=ON_PREM}}, nodeMetaData=NodeMetaData{remoteNodeUUID=5ba8ba06-fb2f-4098-a580-6f7df36cb233, pnaUUID=6dc8fca9-d1a6-4436-b1c9-122bbaa55235, hostname='h5138.pi.uni-bamberg.de'}, node=Node{name='fog1', type=FOG, layer=1, role=WORKLOAD, nodeGroup='', country='Germany', state='Bavaria', city='Bamberg', longitude=10.87, latitude=49.9036, cpuResource=CPUResource{cpuCapacity=CPU{modelName='Intel(R) Core(TM) i7-7700 CPU @ 3.60GHz', cores=2, threads=2, bogoMIPS=7200.11, MIPS=7200.11, GFlop=0.0, minimalFrequency=3600.058, averageFrequency=3600.058, maximalFrequency=3600.058, shares=2000, slots=0.0}, cpuAllocatable=CPU{modelName='Intel(R) Core(TM) i7-7700 CPU @ 3.60GHz', cores=2, threads=2, bogoMIPS=7200.11, MIPS=7200.11, GFlop=0.0, minimalFrequency=3600.058, averageFrequency=3600.058, maximalFrequency=3600.058, shares=2000, slots=0.0}}, memoryResource=MemoryResource{memoryCapacity=Memory{size=1.9250717, slots=0}, memoryAllocatable=Memory{size=1.9250717, slots=0}}, storageResource=StorageResource{storageCapacity=Storage{size=26.2, slots=0}, storageAllocatable=Storage{size=0.0, slots=0}}, nodeTags=[dev.pulceo.prm.model.node.NodeTag@256f8a14]}}",payload,EVENT,NODE_CREATED,e65a8069-b572-4817-a1c4-b7834145b5c3,2024-04-16T12:08:57.959136240
,,55,2024-03-18T18:20:39.442145591Z,2024-04-17T18:20:39.442145591Z,2024-04-16T12:27:56.597746867Z,"ResourceUpdateRequest{nodeUUID=615ba998-3ecb-40f4-8a00-bdebf5894303, key='size', value=0.92, resourceType=ALLOCATABLE}",payload,EVENT,NODE_MEMORY_RESOURCES_UPDATED,2fa91240-777d-4587-991c-0e3885738df0,2024-04-16T12:27:56.551297831
,,56,2024-03-18T18:20:39.442145591Z,2024-04-17T18:20:39.442145591Z,2024-04-16T12:28:38.4199858Z,"ResourceUpdateRequest{nodeUUID=22d5cc00-3264-4ad5-b85d-26c1bbb4cbf3, key='size', value=2.82, resourceType=ALLOCATABLE}",payload,EVENT,NODE_MEMORY_RESOURCES_UPDATED,365af8fd-578c-423b-857f-3a5e68394280,2024-04-16T12:28:38.374985561
,,57,2024-03-18T18:20:39.442145591Z,2024-04-17T18:20:39.442145591Z,2024-04-16T12:18:28.201810303Z,"ResourceUpdateRequest{nodeUUID=98036c1c-1d51-4fcd-81ab-21fb40b14b3b, key='size', value=2.82, resourceType=ALLOCATABLE}",payload,EVENT,NODE_MEMORY_RESOURCES_UPDATED,4544b7e9-6711-4dbf-96f4-8bb61a544e9d,2024-04-16T12:18:28.152060248
,,58,2024-03-18T18:20:39.442145591Z,2024-04-17T18:20:39.442145591Z,2024-04-16T12:29:15.186922687Z,"ResourceUpdateRequest{nodeUUID=e6c27c8a-a337-49e1-8662-38c96bff3351, key='size', value=8.71, resourceType=ALLOCATABLE}",payload,EVENT,NODE_MEMORY_RESOURCES_UPDATED,5ca5caa3-64ba-4b16-8a8f-4668dc1dda4d,2024-04-16T12:29:15.141636051
,,59,2024-03-18T18:20:39.442145591Z,2024-04-17T18:20:39.442145591Z,2024-04-16T12:19:19.371991584Z,"ResourceUpdateRequest{nodeUUID=3f425fb8-c4e5-4eab-9d30-4552e94abdb3, key='size', value=2.82, resourceType=ALLOCATABLE}",payload,EVENT,NODE_MEMORY_RESOURCES_UPDATED,9ea7fe53-efc1-4477-9261-8031b013eeda,2024-04-16T12:19:19.326222950
,,60,2024-03-18T18:20:39.442145591Z,2024-04-17T18:20:39.442145591Z,2024-04-16T13:09:00.144191805Z,"ResourceUpdateRequest{nodeUUID=c329ad3d-ab6c-41a9-aa8d-5705787a60d6, key='size', value=0.92, resourceType=ALLOCATABLE}",payload,EVENT,NODE_MEMORY_RESOURCES_UPDATED,a090cdd8-988c-4649-b60c-88aa4446d431,2024-04-16T13:09:00.098987657

